"""SPARC-EQ"","
"""P & G Hygiene-EQ"","
"""Aqylon Nexus-EQ"","
"""Ksolves India-EQ"","
"""Indosolar-EQ"","
"""Tips Music-EQ"","
"""ICICI AMC-EQ"","
"""Colgate-Palmoliv-EQ"","
"""Gillette India-EQ"","
"""Sanofi Consumer-EQ"","
"""One Global Serv-EQ"","
"""Waaree Renewab.-EQ"","
"""Nestle India-EQ"","
"""P & G Health Ltd-EQ"","
"""Timex Group-EQ"","
"""GE Power-EQ"","
"""Millworks Technologies-EQ"","
"""GE Vernova T&D-EQ"","
"""Stellant Secu.-EQ"","
"""Mobavenue AI Tech-EQ"","
"""Multi Comm. Exc.-EQ"","
"""Jeena Sikho-EQ"","
"""Emkay Tools-EQ"","
"""Hindustan Zinc-EQ"","
"""International Gemological Instit-EQ"","
"""Siemens Ener.Ind-EQ"","
"""Esab India-EQ"","
"""Page Industries-EQ"","
"""Waterways Leisur-EQ"","
"""Jindal Poly Inve-EQ"","
"""Websol Energy-EQ"","
"""TCS-EQ"","
"""Glaxosmi. Pharma-EQ"","
"""Sigma Advanced System-EQ"","
"""Tenneco Clean-EQ"","
"""Castrol India-EQ"","
"""BSE-EQ"","
"""Vivid Electromech-EQ"","
"""HBL Engineering-EQ"","
"""Swaraj Engines-EQ"","
"""Sanofi India-EQ"","
"""Anand Rathi Wea.-EQ"","
"""Ingersoll-Rand-EQ"","
"""SBI Funds Mgt.-EQ"","
"""Britannia Inds.-EQ"","
"""Tata Tele. Mah.-EQ"","
"""NINtec Systems-EQ"","
"""Crizac-EQ"","
"""Indian Energy Ex-EQ"","
"""Frontier Springs-EQ"","
"""Shilchar Tech.-EQ"","
"""Viviana Power-EQ"","
"""3M India-EQ"","
"""Accelya Solution-EQ"","
"""Ardee Industries-EQ"","
"""Rajesh Power-EQ"","
"""Cams Services-EQ"","
"""Kernex Microsys.-EQ"","
"""Marico-EQ"","
"""Safe Enterprises-EQ"","
"""Sunlite Recycli.-EQ"","
"""I R C T C-EQ"","
"""Oracle Fin.Serv.-EQ"","
"""Atlanta Electric-EQ"","
"""Unified Data-EQ"","
"""Emmvee Photovol.-EQ"","
"""Abbott India-EQ"","
"""Nippon Life Ind.-EQ"","
"""Lohia Corp-EQ"","
"""Anondita Medi.-EQ"","
"""Alpex Solar-EQ"","
"""Garden Reach Sh.-EQ"","
"""HDFC AMC-EQ"","
"""Om Power Transmission-EQ"","
"""Hindustan Copper-EQ"","
"""Travel Food-EQ"","
"""Dixon Technolog.-EQ"","
"""Garuda Cons-EQ"","
"""String Metaverse-EQ"","
"""V-Marc India-EQ"","
"""Merritronix-EQ"","
"""Hawkins Cookers-EQ"","
"""GK Energy-EQ"","
"""Canara Robeco-EQ"","
"""Influx Health.-EQ"","
"""Infosys-EQ"","
"""Jubilant Agri-EQ"","
"""Sahana Systems-EQ"","
"""Glenmark Pharma.-EQ"","
"""Valiant Commun.-EQ"","
"""Oriana Power Ltd-EQ"","
"""Natl. Aluminium-EQ"","
"""D.P. Abhushan-EQ"","
"""Cummins India-EQ"","
"""Bondada Engineer-EQ"","
"""MPS-EQ"","
"""K.P. Energy-EQ"","
"""Shankara Buildpro-EQ"","
"""ITC-EQ"","
"""Motherson Wiring-EQ"","
"""Waaree Energies-EQ"","
"""Zelio E-Mobility-EQ"","
"""Hyundai Motor I-EQ"","
"""Euro Pratik Sale-EQ"","
"""Oswal Pumps-EQ"","
"""TAC Infosec-EQ"","
"""Solar Industries-EQ"","
"""Central Mine Pla-EQ"","
"""R M Drip & Sprin-EQ"","
"""Indo Tech.Trans.-EQ"","
"""Prizor Viztech-EQ"","
"""Netweb Technol.-EQ"","
"""Prudent Corp.-EQ"","
"""Billionbrains-EQ"","
"""SRM Contractors-EQ"","
"""Sathlokhar Sys.-EQ"","
"""Susan Electrical-EQ"","
"""Shukra Pharma.-EQ"","
"""Inventurus Knowl-EQ"","
"""Ganesh Green-EQ"","
"""Gokul Agro-EQ"","
"""KP Green Engg.-EQ"","
"""Jyoti Resins-EQ"","
"""Bharat Electron-EQ"","
"""Vikram Thermo-EQ"","
"""Force Motors-EQ"","
"""Kronox Lab-EQ"","
"""Mazagon Dock-EQ"","
"""Sharda Motor-EQ"","
"""Tata Motors-EQ"","
"""Triveni Turbine-EQ"","
"""Indrapr.Medical-EQ"","
"""Sacheerome-EQ"","
"""Sedemac Mechatro-EQ"","
"""Dam Capital Advi-EQ"","
"""Manorama Indust.-EQ"","
"""Thyrocare Tech.-EQ"","
"""KRM Ayurveda-EQ"","
"""Hero Motocorp-EQ"","
"""Life Insurance-EQ"","
"""Suzlon Energy-EQ"","
"""Coal India-EQ"","
"""Fujiyama Power-EQ"","
"""C P C L-EQ"","
"""eClerx Services-EQ"","
"""Khazanchi Jewell-EQ"","
"""Monolithisch Ind-EQ"","
"""Wealth First Por-EQ"","
"""Indo Thai Sec.-EQ"","
"""Sika Interplant-EQ"","
"""Ajanta Pharma-EQ"","
"""Persistent Systems-EQ"","
"""Macfos-EQ"","
"""Knack Packaging-EQ"","
"""Solex Energy-EQ"","
"""TD Power Systems-EQ"","
"""Goel Construct.-EQ"","
"""Indo SMC-EQ"","
"""PNGS Gargi FJ-EQ"","
"""KSE-EQ"","
"""Afcom Holdings-EQ"","
"""Shanti Gold-EQ"","
"""Inox India-EQ"","
"""Cupid-EQ"","
"""Poojaa Precision Engg.-EQ"","
"""Premier Energies-EQ"","
"""Corona Remedies-EQ"","
"""Foseco Crucible-EQ"","
"""Polycab India-EQ"","
"""The Bombay Burmah-EQ"","
"""Prec. Wires (I)-EQ"","
"""Saatvik Green-EQ"","
"""Xtranet Techno.-EQ"","
"""Cemindia Project-EQ"","
"""Borana Weaves-EQ"","
"""CRISIL-EQ"","
"""FlySBS Aviation-EQ"","
"""Steelcast-EQ"","
"""Anawil Wire-EQ"","
"""LG Electronics-EQ"","
"""Aditya AMC-EQ"","
"""Advit Jewels-EQ"","
"""C D S L-EQ"","
"""Hind.Aeronautics-EQ"","
"""Neetu Yoshi-EQ"","
"""Apsis Aerocom-EQ"","
"""Kalind-EQ"","
"""Action Const.Eq.-EQ"","
"""APL Apollo Tubes-EQ"","
"""Acutaas Chemical-EQ"","
"""Quality Power El-EQ"","
"""ADC India-EQ"","
"""Algoquant Fin-EQ"","
"""Meghna Infracon-EQ"","
"""Apar Inds.-EQ"","
"""Krishna Defence-EQ"","
"""Kalyani Cast-Tec-EQ"","
"""Pidilite Inds.-EQ"","
"""DDev Plastiks-EQ"","
"""Modison-EQ"","
"""NBCC-EQ"","
"""Banco Products-EQ"","
"""SML Mahindra-EQ"","
"""Premier Polyfilm-EQ"","
"""Technocraft Ven.-EQ"","
"""Wanbury-EQ"","
"""Nirlon-EQ"","
"""Sonata Software-EQ"","
"""Concord Control-EQ"","
"""Engineers India-EQ"","
"""Vikram Solar-EQ"","
"""Eicher Motors-EQ"","
"""Arrow Greentech-EQ"","
"""HCL Technologies-EQ"","
"""Anthem Bioscienc-EQ"","
"""Ecos (India)-EQ"","
"""Kirl.Pneumatic-EQ"","
"""Raghav Product.-EQ"","
"""MSTC-EQ"","
"""Godfrey Phillips-EQ"","
"""Sharda Cropchem-EQ"","
"""Shaily Engineer.-EQ"","
"""Hexaware Tech.-EQ"","
"""Bajaj Consumer-EQ"","
"""Tata Elxsi-EQ"","
"""SKM Egg Prod.-EQ"","
"""Eco Recyc.-EQ"","
"""Axtel Industries-EQ"","
"""A B B-EQ"","
"""Lupin-EQ"","
"""SKF India Indus.-EQ"","
"""Benares Hotels-EQ"","
"""Silver Touch-EQ"","
"""I T D C-EQ"","
"""Dynacons Sys.-EQ"","
"""Captain Techno.-EQ"","
"""Schneider Elect.-EQ"","
"""Auto.Corp.of Goa-EQ"","
"""Raymond Realty-EQ"","
"""LTM-EQ"","
"""Exhicon Events-EQ"","
"""Kamdhenu-EQ"","
"""Hitachi Energy-EQ"","
"""L. T. Elevator-EQ"","
"""Fiem Industries-EQ"","
"""BLS Internat.-EQ"","
"""Gaudium IVF-EQ"","
"""Astrazeneca Phar-EQ"","
"""Effwa Infra-EQ"","
"""Sunrakshakk Inds-EQ"","
"""Global Education-EQ"","
"""KFin Technolog.-EQ"","
"""CSM Technologies-EQ"","
"""InfoBeans Tech.-EQ"","
"""Transrail Light-EQ"","
"""Bayer Crop Sci.-EQ"","
"""Macpower CNC-EQ"","
"""Behari Lal Engg.-EQ"","
"""Utssav CZ Gold-EQ"","
"""Carraro India-EQ"","
"""Jyothy Labs-EQ"","
"""Yash Highvoltage-EQ"","
"""India Finsec-EQ"","
"""Kothari Petroche-EQ"","
"""SJS Enterprises-EQ"","
"""Aditya Infotech-EQ"","
"""Gandhi Spl. Tube-EQ"","
"""Hind. Unilever-EQ"","
"""Rubicon Research-EQ"","
"""Trent-EQ"","
"""Bajaj Auto-EQ"","
"""Sudeep Pharma-EQ"","
"""Aimtron-EQ"","
"""VST Industries-EQ"","
"""R R Kabel-EQ"","
"""Emami-EQ"","
"""Guj Pipavav Port-EQ"","
"""Indiamart Inter.-EQ"","
"""Dr Lal Pathlabs-EQ"","
"""Seshaasai Tech.-EQ"","
"""Iware Supplych.-EQ"","
"""Advait Energy-EQ"","
"""Schaeffler India-EQ"","
"""Alldigi Tech-EQ"","
"""Nitta Gelatin-EQ"","
"""Monarch Networth-EQ"","
"""NMDC-EQ"","
"""TAAL Tech-EQ"","
"""Jamna Auto Inds.-EQ"","
"""Gulf Oil Lubric.-EQ"","
"""Ceinsys Tech-EQ"","
"""Lloyds Metals-EQ"","
"""RNFI Services-EQ"","
"""Krishana Phosch.-EQ"","
"""Nazara Technolo.-EQ"","
"""Danlaw Tech.-EQ"","
"""Vadilal Enterp.-EQ"","
"""Anlon Tech-EQ"","
"""Sky Gold & Diam.-EQ"","
"""ASM Technologies-EQ"","
"""Syncom Formul.-EQ"","
"""Shringar House-EQ"","
"""Shivalik Bimetal-EQ"","
"""Bizotic Commer.-EQ"","
"""Sterling & Wils.-EQ"","
"""CG Power & Ind-EQ"","
"""L&T Technology-EQ"","
"""Exato Technologies-EQ"","
"""Disa India-EQ"","
"""Borosil Renew.-EQ"","
"""Stylam Industrie-EQ"","
"""Ashoka Buildcon-EQ"","
"""Blue Jet Health-EQ"","
"""Neuland Labs.-EQ"","
"""POCL Enterprises-EQ"","
"""United Spirits-EQ"","
"""Shreeji Ship. Gl-EQ"","
"""Asian Paints-EQ"","
"""Tanla Platforms-EQ"","
"""CARE Ratings-EQ"","
"""KPIT Technologi.-EQ"","
"""Dynamic Cables-EQ"","
"""SK Minerals & Additives-EQ"","
"""Amal-EQ"","
"""KMC Speciality-EQ"","
"""D-Link India-EQ"","
"""Airfloa Rail-EQ"","
"""Modi's Navnirman-EQ"","
"""RPG LifeScience.-EQ"","
"""Jain Resource-EQ"","
"""B P C L-EQ"","
"""Gabriel India-EQ"","
"""Shanthi Gears-EQ"","
"""Centum Electron-EQ"","
"""Menon Bearings-EQ"","
"""Thangamayil Jew.-EQ"","
"""3B Blackbio-EQ"","
"""Saksoft-EQ"","
"""J B Chemicals &-EQ"","
"""ASK Automotive-EQ"","
"""Marsons-EQ"","
"""Ivalue Infosolut-EQ"","
"""Automotive Stamp-EQ"","
"""Vimta Labs-EQ"","
"""SMT Engineering-EQ"","
"""Rajputana Stain.-EQ"","
"""Chambal Fert.-EQ"","
"""Supriya Lifesci.-EQ"","
"""Signpost India-EQ"","
"""Radhika Jeweltec-EQ"","
"""Newgen Software-EQ"","
"""Alivus Life-EQ"","
"""Indo-MIM-EQ"","
"""Havells India-EQ"","
"""Accent Microcell-EQ"","
"""Hind.Construct.-EQ"","
"""Amrutanjan Healt-EQ"","
"""Mayur Uniquoters-EQ"","
"""KSB-EQ"","
"""Rajoo Engineers-EQ"","
"""Caplin Point Lab-EQ"","
"""Pricol Ltd-EQ"","
"""Redtape-EQ"","
"""Unihealth Hosp-EQ"","
"""OSEL Devices-EQ"","
"""Avanti Feeds-EQ"","
"""Tera Software-EQ"","
"""Dhoot Transmission-EQ"","
"""DOMS Industries-EQ"","
"""Expleo Solutions-EQ"","
"""Kwality Pharma-EQ"","
"""Sandur Manganese-EQ"","
"""Diamond Power-EQ"","
"""Radico Khaitan-EQ"","
"""Veedol Corporat-EQ"","
"""Pfizer-EQ"","
"""Quess Corp-EQ"","
"""Emcure Pharma-EQ"","
"""Saint-Gob. Sekur-EQ"","
"""Genus Power-EQ"","
"""Goldiam Intl.-EQ"","
"""Schneider APW-EQ"","
"""Pondy Oxides-EQ"","
"""Ajax Engineering-EQ"","
"""Master Trust-EQ"","
"""Solarworld Ene.-EQ"","
"""Dhanuka Agritech-EQ"","
"""Bhansali Engg.-EQ"","
"""Danish Power-EQ"","
"""Panache Digilife-EQ"","
"""Tanfac Inds.-EQ"","
"""Shakti Pumps-EQ"","
"""Chembond Chemic.-EQ"","
"""Ram Ratna Wires-EQ"","
"""Shraddha Prime-EQ"","
"""Vedant Fashions-EQ"","
"""Glottis-EQ"","
"""Volt.Transform.-EQ"","
"""Coforge-EQ"","
"""CFF Fluid-EQ"","
"""Sumitomo Chemi.-EQ"","
"""Amic Forging-EQ"","
"""Sobhagya Mercant-EQ"","
"""Kesar India-EQ"","
"""Skipper-EQ"","
"""T R I L-EQ"","
"""Kajaria Ceramics-EQ"","
"""Chandan Healthca-EQ"","
"""N S D L-EQ"","
"""Kingfa Science-EQ"","
"""Kilburn Engg.-EQ"","
"""IIFL Capital-EQ"","
"""Colab Platforms-EQ"","
"""Tech Mahindra-EQ"","
"""Axis Solution-EQ"","
"""ICRA-EQ"","
"""DC Infotech-EQ"","
"""Shri Ahimsa-EQ"","
"""M & B Engineer.-EQ"","
"""Onward Technolog-EQ"","
"""Nurture Well Industries-EQ"","
"""Welspun Corp-EQ"","
"""Railtel Corpn.-EQ"","
"""Tembo Global-EQ"","
"""Interarch Build.-EQ"","
"""Titan Biotech-EQ"","
"""Zensar Tech.-EQ"","
"""Petronet LNG-EQ"","
"""Studds Accessor.-EQ"","
"""Jagsonpal Pharma-EQ"","
"""JSW Dulux-EQ"","
"""Balu Forge-EQ"","
"""Ador Welding-EQ"","
"""Refex Industries-EQ"","
"""Cellecor Gadgets-EQ"","
"""Prem. Explosives-EQ"","
"""Vision Infra-EQ"","
"""Onemi Technology-EQ"","
"""Kovai Medical-EQ"","
"""Hexagon Nutri.-EQ"","
"""Venus Pipes-EQ"","
"""Q-Line Biotech-EQ"","
"""CLN Energy-EQ"","
"""Tinna Rubber-EQ"","
"""Privi Speci.-EQ"","
"""TPL Plastech-EQ"","
"""H P C L-EQ"","
"""Vadilal Inds.-EQ"","
"""Black Box-EQ"","
"""Insolation Ener-EQ"","
"""NDR Auto Compon.-EQ"","
"""Modi Naturals-EQ"","
"""Himadri Special-EQ"","
"""Aryaman Fin.Serv-EQ"","
"""Mphasis-EQ"","
"""Jaro Institute-EQ"","
"""Elgi Equipments-EQ"","
"""Coromandel Inter-EQ"","
"""Rites-EQ"","
"""PNGS Reva Diamo.-EQ"","
"""Tuticorin Alkali-EQ"","
"""Bikaji Foods-EQ"","
"""Divi's Lab.-EQ"","
"""Garware Tech.-EQ"","
"""Data Pattern-EQ"","
"""ICICI Lombard-EQ"","
"""U P Hotels-EQ"","
"""RBZ Jewellers Lt-EQ"","
"""ADF Foods-EQ"","
"""Power Mech Proj.-EQ"","
"""Pix Transmission-EQ"","
"""EPack PrefabTech-EQ"","
"""Venus Remedies-EQ"","
"""Baheti Recycling-EQ"","
"""Uniparts India-EQ"","
"""B-Right Real-EQ"","
"""Automotive Axles-EQ"","
"""Berger Paints-EQ"","
"""Bosch-EQ"","
"""Fredun Pharma-EQ"","
"""Fine Organic-EQ"","
"""Siemens-EQ"","
"""GPT Infraproject-EQ"","
"""Bharti Hexacom-EQ"","
"""T B Z-EQ"","
"""KSH Internationa-EQ"","
"""Grauer & Weil-EQ"","
"""Vesuvius India-EQ"","
"""Vinati Organics-EQ"","
"""Va Tech Wabag-EQ"","
"""Namo eWaste-EQ"","
"""Vinsys IT Serv.-EQ"","
"""Jyoti CNC Auto.-EQ"","
"""Vijaya Diagnost.-EQ"","
"""Pace Digitek-EQ"","
"""Blue Star-EQ"","
"""Alkem Lab-EQ"","
"""Senco Gold-EQ"","
"""Caliber Mining-EQ"","
"""Antelopus Selan-EQ"","
"""Campus Activewe.-EQ"","
"""Elantas Beck-EQ"","
"""Lumax Auto Tech.-EQ"","
"""Grindwell Norton-EQ"","
"""Pradeep Metals-EQ"","
"""Bai-Kakaji Poly.-EQ"","
"""EIH Assoc.Hotels-EQ"","
"""Rolex Rings-EQ"","
"""Pasupati Acrylon-EQ"","
"""Birlasoft Ltd-EQ"","
"""Sri Lotus-EQ"","
"""Zydus Lifesci.-EQ"","
"""AIA Engineering-EQ"","
"""Unicommerce-EQ"","
"""Olectra Greentec-EQ"","
"""Forbes Precision-EQ"","
"""Parth Electrical-EQ"","
"""The Anup Enginee-EQ"","
"""ABS Marine-EQ"","
"""Navin Fluo.Intl.-EQ"","
"""P N Gadgil Jewe.-EQ"","
"""Freshara Agro-EQ"","
"""Tata Technolog.-EQ"","
"""Elecon Engg.Co-EQ"","
"""Datamatics Glob.-EQ"","
"""SPR Auto Technologies-EQ"","
"""Anlon Healthcare-EQ"","
"""Supreme Inds.-EQ"","
"""Ashapura Minech.-EQ"","
"""Bhagyanagar Ind-EQ"","
"""Vidya Wires-EQ"","
"""Jayaswal Neco-EQ"","
"""EIH-EQ"","
"""Clean Science-EQ"","
"""NIIT Learning-EQ"","
"""Symphony-EQ"","
"""Fermenta Biotec.-EQ"","
"""Wework India-EQ"","
"""Thomas Scott-EQ"","
"""Titan Company-EQ"","
"""Sun Pharma.Inds.-EQ"","
"""Kalyan Jewellers-EQ"","
"""Laser Power-EQ"","
"""Ahluwalia Contr.-EQ"","
"""Keltech Energies-EQ"","
"""Enviro Infra-EQ"","
"""High Energy Bat.-EQ"","
"""Godawari Power-EQ"","
"""IIRM Holdings-EQ"","
"""Kirl. Brothers-EQ"","
"""GNG Electronics-EQ"","
"""Dabur India-EQ"","
"""Sirca Paints-EQ"","
"""Innovision-EQ"","
"""Astra Microwave-EQ"","
"""Bharat Seats-EQ"","
"""Metro Brands-EQ"","
"""RNIT AI Solution-EQ"","
"""AGI Infra-EQ"","
"""KEI Industries-EQ"","
"""SEAMEC Ltd-EQ"","
"""South West Pinn.-EQ"","
"""GPT Healthcare-EQ"","
"""Pearl Global Ind-EQ"","
"""Sunshield Chem.-EQ"","
"""Indo Amines-EQ"","
"""Orient Electric-EQ"","
"""Manaksia Coated-EQ"","
"""EFC (I)-EQ"","
"""Anand Rathi Shar-EQ"","
"""Apcotex Industri-EQ"","
"""Magellanic Cloud-EQ"","
"""Shri Venkatesh-EQ"","
"""Z-Tech (India)-EQ"","
"""Subros-EQ"","
"""Ramco Systems-EQ"","
"""Varun Beverages-EQ"","
"""Fabtech Techn.-EQ"","
"""Network People-EQ"","
"""Asian Hotels (W)-EQ"","
"""Uno Minda-EQ"","
"""Hemant Surgical-EQ"","
"""L G Balakrishnan-EQ"","
"""AGI Greenpac-EQ"","
"""K P R Mill Ltd-EQ"","
"""Arvind Fashions.-EQ"","
"""Sai Life-EQ"","
"""Avalon Tech-EQ"","
"""V2 Retail-EQ"","
"""OBSC Perfection-EQ"","
"""R Systems Intl.-EQ"","
"""Indus Towers-EQ"","
"""Usha Martin-EQ"","
"""Transport Corp.-EQ"","
"""Thejo Engg.-EQ"","
"""Modern Insulator-EQ"","
"""Ganesh Consumer-EQ"","
"""M B Agro Prod.-EQ"","
"""Park Medi World-EQ"","
"""Jindal Stain.-EQ"","
"""Arkade-EQ"","
"""Advance Agrolife-EQ"","
"""Safari Inds.-EQ"","
"""Cera Sanitary.-EQ"","
"""Uni Abex Alloy-EQ"","
"""Astral-EQ"","
"""Honasa Consumer-EQ"","
"""Linc-EQ"","
"""Godrej Agrovet-EQ"","
"""Beta Drugs Ltd-EQ"","
"""CEAT-EQ"","
"""Panama Petrochem-EQ"","
"""C.E. Info System-EQ"","
"""ZF Commercial-EQ"","
"""Cantabil Retail-EQ"","
"""Sambhv Steel-EQ"","
"""Maruti Suzuki-EQ"","
"""Crompton Gr. Con-EQ"","
"""Varroc Engineer-EQ"","
"""Tankup Engi.-EQ"","
"""GSP Crop Science-EQ"","
"""Aeroflex-EQ"","
"""Ganesh Infra.-EQ"","
"""Black Rose Indus-EQ"","
"""Aayush Art-EQ"","
"""Denta Water-EQ"","
"""Kusumgar-EQ"","
"""Wheels India-EQ"","
"""Siyaram Silk-EQ"","
"""Indegene-EQ"","
"""Hind Rectifiers-EQ"","
"""Marksans Pharma-EQ"","
"""Supreme Petroch.-EQ"","
"""Kaveri Seed Co.-EQ"","
"""Ganesh Housing-EQ"","
"""Vidhi Specialty-EQ"","
"""Godrej Consumer-EQ"","
"""Creative Newtech-EQ"","
"""Digilogic Systems-EQ"","
"""Vinyas Innovativ-EQ"","
"""Bright Outdoor-EQ"","
"""I O C L-EQ"","
"""Sejal Glass-EQ"","
"""Talbros Auto.-EQ"","
"""Punjab Chemicals-EQ"","
"""NESCO-EQ"","
"""Federal-Mogul Go-EQ"","
"""Integra Engg.-EQ"","
"""Gujarat Energy-EQ"","
"""Molbio Diagnosti-EQ"","
"""NRB Bearings-EQ"","
"""Share India Sec.-EQ"","
"""Redington-EQ"","
"""V-Guard Industri-EQ"","
"""Allied Blenders-EQ"","
"""Indian Metals-EQ"","
"""J Kumar Infra-EQ"","
"""TBO Tek-EQ"","
"""Chamanlal Setia-EQ"","
"""Strides Pharma-EQ"","
"""Gulshan Polyols-EQ"","
"""Fineotex Chem-EQ"","
"""D B Corp-EQ"","
"""Kalpataru Proj.-EQ"","
"""AWL Agri Busine.-EQ"","
"""VRL Logistics-EQ"","
"""Timken India-EQ"","
"""Linde India-EQ"","
"""Gallantt Ispat L-EQ"","
"""IFB Industries-EQ"","
"""Marine Electric.-EQ"","
"""Vintage Coffee-EQ"","
"""SBC Exports-EQ"","
"""Pudumjee Paper-EQ"","
"""Dolat Algotech-EQ"","
"""J.G.Chemicals-EQ"","
"""Kewal Kir.Cloth.-EQ"","
"""M R P L-EQ"","
"""Happy Forgings-EQ"","
"""Xchanging Sol.-EQ"","
"""Garware Hi Tech-EQ"","
"""Mastek-EQ"","
"""Piccadily Agro-EQ"","
"""Assoc.Alcohols-EQ"","
"""Empire Inds.-EQ"","
"""CWD-EQ"","
"""G M Breweries-EQ"","
"""Choice Intl.-EQ"","
"""Indo Rama Synth.-EQ"","
"""Indigo Paints-EQ"","
"""Swaraj Suiting-EQ"","
"""Ratnamani Metals-EQ"","
"""Indraprastha Gas-EQ"","
"""TCPL Packaging-EQ"","
"""Guj. Themis Bio.-EQ"","
"""Motisons Jewel-EQ"","
"""EPL Ltd-EQ"","
"""Wipro-EQ"","
"""Metropolis Healt-EQ"","
"""Endurance Tech.-EQ"","
"""Carysil-EQ"","
"""Saregama India-EQ"","
"""Laurus Labs-EQ"","
"""United Polyfab-EQ"","
"""L T Foods-EQ"","
"""Lumax Industries-EQ"","
"""Prostarm Info-EQ"","
"""Sh. Rama Multi.-EQ"","
"""Mangalam World.-EQ"","
"""Jash Engineering-EQ"","
"""CMS Info Systems-EQ"","
"""Sundram Fasten.-EQ"","
"""Bharti Airtel-EQ"","
"""Omnitech Engg.-EQ"","
"""Kennametal India-EQ"","
"""Bharat Rasayan-EQ"","
"""India Homes-EQ"","
"""S P I C-EQ"","
"""Nuvama Wealth-EQ"","
"""Arih.Found.Hsg.-EQ"","
"""Apollo Hospitals-EQ"","
"""Foseco India-EQ"","
"""Concord Biotech-EQ"","
"""GHCL-EQ"","
"""Matrimony.com-EQ"","
"""Cello World-EQ"","
"""Goodyear India-EQ"","
"""Magna Electrocas-EQ"","
"""Sarda Energy-EQ"","
"""TVS Motor Co.-EQ"","
"""Dr Agarwal's Eye-EQ"","
"""General Insuranc-EQ"","
"""Rainbow Child.-EQ"","
"""JNK-EQ"","
"""20 Microns-EQ"","
"""Oberoi Realty-EQ"","
"""Ceigall India-EQ"","
"""Route Mobile-EQ"","
"""Eveready Inds.-EQ"","
"""FSN E-Commerce-EQ"","
"""Adani Power-EQ"","
"""Avenue Super.-EQ"","
"""Kanpur Plastipa.-EQ"","
"""Natco Pharma-EQ"","
"""Mahanagar Gas-EQ"","
"""Tube Investments-EQ"","
"""Global Health-EQ"","
"""Paradeep Phosph.-EQ"","
"""Chalet Hotels-EQ"","
"""Indian Hotels Co-EQ"","
"""JOJO-EQ"","
"""Gravita India-EQ"","
"""BLS E-Services-EQ"","
"""Ipca Labs.-EQ"","
"""Filatex India-EQ"","
"""Aditya Vision-EQ"","
"""Suraksha Diagno.-EQ"","
"""EID Parry-EQ"","
"""India Nipp.Elec.-EQ"","
"""Honeywell Auto-EQ"","
"""TVS Holdings-EQ"","
"""Bliss GVS Pharma-EQ"","
"""Balmer Law. Inv.-EQ"","
"""Paras Defence-EQ"","
"""Affle 3i-EQ"","
"""Nucleus Soft.-EQ"","
"""Remus Pharma.-EQ"","
"""Flair Writing-EQ"","
"""Rashi Peripheral-EQ"","
"""Butterfly Gan Ap-EQ"","
"""Firstsour.Solu.-EQ"","
"""NCC-EQ"","
"""Syrma SGS Tech.-EQ"","
"""Kody Technolab-EQ"","
"""Welspun Enterp-EQ"","
"""Amines & Plast.-EQ"","
"""Dodla Dairy-EQ"","
"""Time Technoplast-EQ"","
"""NGL Fine Chem-EQ"","
"""Spectrum Electr.-EQ"","
"""Star Cement-EQ"","
"""FDC-EQ"","
"""Gretex Corporate-EQ"","
"""Alkyl Amines-EQ"","
"""Blue Dart Expres-EQ"","
"""India Pesticides-EQ"","
"""RACL Geartech-EQ"","
"""Vikran Engg.-EQ"","
"""Scoda Tubes-EQ"","
"""KEC International-EQ"","
"""Asian Energy-EQ"","
"""Sun TV Network-EQ"","
"""Deep Industries-EQ"","
"""Orient Cement-EQ"","
"""Control Print-EQ"","
"""Dharmaj Crop-EQ"","
"""Jay Bharat Maru.-EQ"","
"""Vaibhav Global-EQ"","
"""Kross Ltd-EQ"","
"""Diffusion Eng-EQ"","
"""Lodha Developers-EQ"","
"""Zuari Agro Chem.-EQ"","
"""Vishnu Chemicals-EQ"","
"""Innovana Think.-EQ"","
"""Knowledge Marine-EQ"","
"""Aurionpro Sol.-EQ"","
"""Lincoln Pharma.-EQ"","
"""Novartis India-EQ"","
"""Man Industries-EQ"","
"""Krishival Foods-EQ"","
"""Zen Technologies-EQ"","
"""Indiabulls-EQ"","
"""Vilas Transcore-EQ"","
"""Technocraf.Inds.-EQ"","
"""Lloyds Engineeri-EQ"","
"""Vedanta-EQ"","
"""A B Infrabuild-EQ"","
"""Foce India-EQ"","
"""KRN Heat Exchan-EQ"","
"""Iris Clothings-EQ"","
"""Intellect Design-EQ"","
"""Finolex Cables-EQ"","
"""Sheetal Cool-EQ"","
"""HMA Agro Inds.-EQ"","
"""Steel Str. Wheel-EQ"","
"""Suprajit Engg.-EQ"","
"""Bombay Super Hyb-EQ"","
"""Cochin Shipyard-EQ"","
"""Techno Elec.Engg-EQ"","
"""Windlas Biotech-EQ"","
"""Ravindra Energy-EQ"","
"""Krystal Integrat-EQ"","
"""Latent View-EQ"","
"""Surya Roshni-EQ"","
"""Kamat Hotels-EQ"","
"""CCL Products-EQ"","
"""Hariom Pipe-EQ"","
"""Insecticid.India-EQ"","
"""Muthoot Finance-EQ"","
"""GE Shipping Co-EQ"","
"""Platinum Industr-EQ"","
"""MRF-EQ"","
"""A C J K Exports-EQ"","
"""eMudhra-EQ"","
"""Powerica Ltd-EQ"","
"""Sanghvi Movers-EQ"","
"""Manoj Vaibhav-EQ"","
"""Taneja Aerospace-EQ"","
"""Gala Precis. Eng-EQ"","
"""UTI AMC-EQ"","
"""Arisinfra Solu.-EQ"","
"""Granules India-EQ"","
"""JK Tyre & Indust-EQ"","
"""Narayana Hrudaya-EQ"","
"""Cipla-EQ"","
"""Capacit'e Infra.-EQ"","
"""Milky Mist Dairy-EQ"","
"""Reliance Infra.-EQ"","
"""Aptus Value Hou.-EQ"","
"""Jindal Drilling-EQ"","
"""Midwest-EQ"","
"""JITF Infra Logis-EQ"","
"""Vardhman Special-EQ"","
"""Indo Borax & Ch.-EQ"","
"""Team Lease Serv.-EQ"","
"""DMCC Speciality-EQ"","
"""Sh. Jagdamba Pol-EQ"","
"""Aptech-EQ"","
"""Nephrocare Health Services-EQ"","
"""Pennar Industrie-EQ"","
"""Patel Retail-EQ"","
"""AXISCADES Tech.-EQ"","
"""Epigral-EQ"","
"""Hatsun Agro-EQ"","
"""Hester Bios-EQ"","
"""Ellen.Indl.Gas-EQ"","
"""MTAR Technologie-EQ"","
"""Torrent Pharma.-EQ"","
"""KRBL-EQ"","
"""Sudarshan Pharma-EQ"","
"""Senores Pharma.-EQ"","
"""Nupur Recyclers-EQ"","
"""Gland Pharma-EQ"","
"""Sona BLW Precis.-EQ"","
"""J K Cements-EQ"","
"""M & M-EQ"","
"""Adani Total Gas-EQ"","
"""Mindteck (India)-EQ"","
"""A B Lifestyle-EQ"","
"""Commerl. Synbags-EQ"","
"""P I Industries-EQ"","
"""Kellton Tech-EQ"","
"""Innova Captab-EQ"","
"""SBI Life Insuran-EQ"","
"""Kapston Services-EQ"","
"""Anuh Pharma-EQ"","
"""Thomas Cook (I)-EQ"","
"""Akums Drugs-EQ"","
"""Dolphin Offshore-EQ"","
"""Orkla India-EQ"","
"""Atul-EQ"","
"""Veljan Denison-EQ"","
"""Voith Paper-EQ"","
"""Brightcom Group-EQ"","
"""Laxmi Dental-EQ"","
"""Maithan Alloys-EQ"","
"""Pitti Engg.-EQ"","
"""Madras Fertilize-EQ"","
"""Roto Pumps-EQ"","
"""Heritage Foods-EQ"","
"""Jubilant Food.-EQ"","
"""Jupiter Life Lin-EQ"","
"""Five-Star Bus.Fi-EQ"","
"""Vishal Mega Mart-EQ"","
"""JBM Auto-EQ"","
"""Angel One-EQ"","
"""CIE Automotive-EQ"","
"""Max Healthcare-EQ"","
"""Standard Engineering Technology-EQ"","
"""Heidelberg Cem.-EQ"","
"""Kalyani Steels-EQ"","
"""Tata Comm-EQ"","
"""TCI Express-EQ"","
"""Orbit Exports-EQ"","
"""Mangal Electrica-EQ"","
"""SRF-EQ"","
"""Shree Ganesh Rem-EQ"","
"""Balmer Lawrie-EQ"","
"""Ganesh Benzopl.-EQ"","
"""Kirl. Electric-EQ"","
"""Apis India-EQ"","
"""WPIL-EQ"","
"""Larsen & Toubro-EQ"","
"""Kirloskar Oil-EQ"","
"""BASF India-EQ"","
"""Suraj Estate-EQ"","
"""Artemis Medicare-EQ"","
"""Rishabh Instrum.-EQ"","
"""NCL Industries-EQ"","
"""Gujarat Kidney-EQ"","
"""Apollo Micro Sys-EQ"","
"""Ashiana Housing-EQ"","
"""CSL Finance-EQ"","
"""Suyog Telematics-EQ"","
"""Goodluck India-EQ"","
"""Sandhar Tech-EQ"","
"""Sai Silks-EQ"","
"""Inv.& Prec.Cast.-EQ"","
"""M.V.K. Agro-EQ"","
"""Shree Vasu Logis-EQ"","
"""Greenply Industr-EQ"","
"""GNA Axles-EQ"","
"""S C I-EQ"","
"""Mah. Seamless-EQ"","
"""Ajmera Realty-EQ"","
"""La Opala RG-EQ"","
"""AVT Natural Prod-EQ"","
"""Petro Carbon-EQ"","
"""Hindustan Foods-EQ"","
"""Blue Cloud Soft.-EQ"","
"""O N G C-EQ"","
"""Rallis India-EQ"","
"""ERIS Lifescience-EQ"","
"""Adani Ports-EQ"","
"""Edelweiss.Fin.-EQ"","
"""Medi Assist Ser.-EQ"","
"""ION Exchange-EQ"","
"""Poly Medicure-EQ"","
"""S P Apparels-EQ"","
"""Tasty Bite Eat.-EQ"","
"""Kama Holdings-EQ"","
"""Sr.Rayala.Hypo-EQ"","
"""GRM Overseas-EQ"","
"""CMR Green Tech.-EQ"","
"""Arfin India-EQ"","
"""Savita Oil Tech-EQ"","
"""Advanced Enzyme-EQ"","
"""Rane (Madras)-EQ"","
"""Lemon Tree Hotel-EQ"","
"""Thermax-EQ"","
"""Escorts Kubota-EQ"","
"""Craftsman Auto-EQ"","
"""Afcons Infrastr.-EQ"","
"""Monte Carlo Fas.-EQ"","
"""True Green-EQ"","
"""BCL Industries-EQ"","
"""Apollo Tyres-EQ"","
"""Styrenix Perfor.-EQ"","
"""KPI Green Energy-EQ"","
"""Belrise Industri-EQ"","
"""Arvind Ltd-EQ"","
"""Satin Creditcare-EQ"","
"""Bharat Dynamics-EQ"","
"""Shree Refrigerat-EQ"","
"""Permanent Magnet-EQ"","
"""Credo Brands-EQ"","
"""Bansal Wire Inds-EQ"","
"""Authum Invest-EQ"","
"""VST Till. Tract.-EQ"","
"""Anantam Highways-EQ"","
"""Likhitha Infra.-EQ"","
"""SIS-EQ"","
"""Rategain Travel-EQ"","
"""Ramky Infra-EQ"","
"""Torrent Power-EQ"","
"""Sansera Enginee.-EQ"","
"""GMM Pfaudler-EQ"","
"""Dollar Industrie-EQ"","
"""Excelsoft Tech.-EQ"","
"""Ashok Leyland-EQ"","
"""Raj Rayon Inds.-EQ"","
"""Cosmic CRF-EQ"","
"""JSW Infrast-EQ"","
"""Fabtech Tech.-EQ"","
"""Galaxy Surfact.-EQ"","
"""Mankind Pharma-EQ"","
"""Parag Milk Foods-EQ"","
"""Haldyn Glass-EQ"","
"""Patel Engineerin-EQ"","
"""Zaggle Prepaid-EQ"","
"""HPL Electric-EQ"","
"""Fortis Health.-EQ"","
"""Amara Raja Ener.-EQ"","
"""Kilitch Drugs-EQ"","
"""Samvardh. Mothe.-EQ"","
"""Kirl. Ferrous-EQ"","
"""Lords Mark Industries-EQ"","
"""Manaksia Steels-EQ"","
"""Viyash Scientific-EQ"","
"""Sagility-EQ"","
"""PTC India-EQ"","
"""SKF India-EQ"","
"""Aegis Logistics-EQ"","
"""Ashika Global Securities.-EQ"","
"""Rossari Biotech-EQ"","
"""KN Agri Resource-EQ"","
"""Mold-Tek Pack.-EQ"","
"""Dilip Buildcon-EQ"","
"""Happiest Minds-EQ"","
"""SMS Pharma.-EQ"","
"""IFB Agro Inds.-EQ"","
"""Jai Corp-EQ"","
"""TajGVK Hotels-EQ"","
"""Man Infra-EQ"","
"""Kaynes Tech-EQ"","
"""V-Mart Retail-EQ"","
"""Rajratan Global-EQ"","
"""Sumeet Industrie-EQ"","
"""Hindalco Inds.-EQ"","
"""Gandhar Oil Ref.-EQ"","
"""AWFIS Space-EQ"","
"""Go Digit General-EQ"","
"""GOCL Corpn.-EQ"","
"""Dr Reddy's Labs-EQ"","
"""B.L.Kashyap-EQ"","
"""Shyam Metalics-EQ"","
"""Sportking India-EQ"","
"""Harsha Engg Intl-EQ"","
"""3i Infotech-EQ"","
"""OCCL-EQ"","
"""Sh.Pushkar Chem.-EQ"","
"""Mrs Bectors-EQ"","
"""Sharat Industrie-EQ"","
"""Arvind SmartSp.-EQ"","
"""Technvision Ven.-EQ"","
"""Aurobindo Pharma-EQ"","
"""INDIA SHELTE FIN-EQ"","
"""Brigade Hotel-EQ"","
"""Phoenix Mills-EQ"","
"""Veranda Learning-EQ"","
"""Blackbuck-EQ"","
"""Servotech Renew-EQ"","
"""Nava-EQ"","
"""Somany Ceramics-EQ"","
"""Mafatlal Inds.-EQ"","
"""Jagran Prakashan-EQ"","
"""Subex-EQ"","
"""Yogi Ltd-EQ"","
"""Bata India-EQ"","
"""IST-EQ"","
"""Laxmi India Fin.-EQ"","
"""Finolex Inds.-EQ"","
"""Krsnaa Diagnost.-EQ"","
"""Protean eGov-EQ"","
"""TGV Sraac-EQ"","
"""Minda Corp-EQ"","
"""Sakar Healthcare-EQ"","
"""Motil.Oswal.Fin.-EQ"","
"""UltraTech Cem.-EQ"","
"""MOIL-EQ"","
"""Alembic Pharma-EQ"","
"""Bharat Forge-EQ"","
"""Mamata Machinery-EQ"","
"""Fractal Analyt.-EQ"","
"""IZMO-EQ"","
"""Aeroflex Enter.-EQ"","
"""Medplus Health-EQ"","
"""Tata Steel-EQ"","
"""Guj. Ambuja Exp-EQ"","
"""EMS-EQ"","
"""PDS-EQ"","
"""Marathon Nextgen-EQ"","
"""MMP Industries-EQ"","
"""Manba Finance-EQ"","
"""Mangal Credit-EQ"","
"""Pansari Develop.-EQ"","
"""Prakash Pipes-EQ"","
"""Container Corpn.-EQ"","
"""India Glycols-EQ"","
"""Yatharth Hospit.-EQ"","
"""Paramount Comm.-EQ"","
"""BMW Industries-EQ"","
"""Paisalo Digital-EQ"","
"""Bharat Wire-EQ"","
"""Ratnaveer Precis-EQ"","
"""Cyient-EQ"","
"""Pyramid Technopl-EQ"","
"""CIAN Agro-EQ"","
"""R K Swamy-EQ"","
"""Nitin Spinners-EQ"","
"""Beezaasan Exp.-EQ"","
"""K C P-EQ"","
"""Gufic BioScience-EQ"","
"""Oriental Rail-EQ"","
"""Gopal Snacks-EQ"","
"""360 ONE-EQ"","
"""Tejas Cargo-EQ"","
"""Oriental Hotels-EQ"","
"""TTK Prestige-EQ"","
"""Manipal Health-EQ"","
"""Borosil Scienti.-EQ"","
"""Anant Raj-EQ"","
"""Regaal Resources-EQ"","
"""G N F C-EQ"","
"""Haz.Multi Proj.-EQ"","
"""Patanjali Foods-EQ"","
"""JK Lakshmi Cem.-EQ"","
"""Kansai Nerolac-EQ"","
"""Huhtamaki India-EQ"","
"""GMR Urban-EQ"","
"""BMW Ventures-EQ"","
"""Qualitek Labs-EQ"","
"""G R Infraproject-EQ"","
"""Aether Industri.-EQ"","
"""Azad Engineering-EQ"","
"""Aarti Drugs-EQ"","
"""Venky's (India)-EQ"","
"""Bafna Pharma.-EQ"","
"""Cartrade Tech-EQ"","
"""SBFC Finance-EQ"","
"""PTC India Fin-EQ"","
"""HLE Glascoat-EQ"","
"""Tilaknagar Inds.-EQ"","
"""Asahi India Glas-EQ"","
"""Stallion India-EQ"","
"""Arman Financial-EQ"","
"""Bajaj Steel Inds-EQ"","
"""Universal Cables-EQ"","
"""Capri Global-EQ"","
"""GMR Airports-EQ"","
"""Powergrid Infra.-EQ"","
"""Allcargo Termi-EQ"","
"""JM Financial-EQ"","
"""Amanta Healthcar-EQ"","
"""Mukka Proteins-EQ"","
"""Jayant Agro Org.-EQ"","
"""All Time Plastic-EQ"","
"""Everest Kanto-EQ"","
"""Oil India-EQ"","
"""Uttam Sug.Mills-EQ"","
"""Borosil-EQ"","
"""DCM Shriram-EQ"","
"""Honda India-EQ"","
"""Prime Focus-EQ"","
"""Hindustan Media-EQ"","
"""Rossell Techsys-EQ"","
"""Shriram Finance-EQ"","
"""Pokarna-EQ"","
"""Proventus Agro.-EQ"","
"""Bajaj Healthcare-EQ"","
"""Century Plyboard-EQ"","
"""Orient Ceratech-EQ"","
"""Globus Spirits-EQ"","
"""Emami Paper-EQ"","
"""Mallcom (India)-EQ"","
"""Nelcast-EQ"","
"""Fischer Medical-EQ"","
"""Deepak Fertilis.-EQ"","
"""Ambika Cotton-EQ"","
"""Sudarshan Colorants-EQ"","
"""Triton Valves-EQ"","
"""Aster DM Quality-EQ"","
"""Salzer Electron.-EQ"","
"""Atul Auto-EQ"","
"""Texmaco Rail-EQ"","
"""SMC Global Sec.-EQ"","
"""Aadhar Hsg. Fin.-EQ"","
"""Deepak Nitrite-EQ"","
"""Jubilant Ingrev.-EQ"","
"""H.G. Infra Engg.-EQ"","
"""Aye Finance-EQ"","
"""Mishra Dhatu Nig-EQ"","
"""Stove Kraft-EQ"","
"""IOL Chemicals-EQ"","
"""MAS FINANC SER-EQ"","
"""ACC-EQ"","
"""Puravankara-EQ"","
"""Cosmo First-EQ"","
"""ITC Hotels-EQ"","
"""Antony Waste han-EQ"","
"""KDDL Ltd-EQ"","
"""Fedders Holding-EQ"","
"""Wakefit Innovati-EQ"","
"""Balkrishna Inds-EQ"","
"""Unimech Aero.-EQ"","
"""Tour. Fin. Corp.-EQ"","
"""Home First Finan-EQ"","
"""GEE-EQ"","
"""Dr Agarwal's Hea-EQ"","
"""Relaxo Footwear-EQ"","
"""Whirlpool India-EQ"","
"""JSW Cement-EQ"","
"""Shilpa Medicare-EQ"","
"""Vertis Infra.-EQ"","
"""Balaji Amines-EQ"","
"""Bhageria Indust.-EQ"","
"""Arihant Capital-EQ"","
"""Bajaj Holdings-EQ"","
"""Mangalam Cement-EQ"","
"""Moschip Tech.-EQ"","
"""JSW Steel-EQ"","
"""Bajel Projects-EQ"","
"""Rhetan TMT Ltd-EQ"","
"""DEE Development-EQ"","
"""Optiemus Infra.-EQ"","
"""T N Petro Prod.-EQ"","
"""One Point One-EQ"","
"""Bajaj Finance-EQ"","
"""IIFL Finance-EQ"","
"""HFCL-EQ"","
"""Saraswati Commer-EQ"","
"""ISGEC Heavy-EQ"","
"""Precot-EQ"","
"""Royal Orch.Hotel-EQ"","
"""Gateway Distri-EQ"","
"""Parin Enterpris.-EQ"","
"""Ventive Hospital-EQ"","
"""G M D C-EQ"","
"""Rail Vikas-EQ"","
"""Responsive Ind-EQ"","
"""ICE Make Refrig.-EQ"","
"""Mufin Green-EQ"","
"""Hindusthan Insulators &-EQ"","
"""Aarti Pharma-EQ"","
"""Nahar Poly-EQ"","
"""Plastiblends (I)-EQ"","
"""United Breweries-EQ"","
"""Sangam India-EQ"","
"""CESC-EQ"","
"""Mold-Tek Technol-EQ"","
"""Nilkamal Ltd-EQ"","
"""IRIS Regtech Solutions-EQ"","
"""RPSG Ventures-EQ"","
"""Titagarh Rail-EQ"","
"""Bajaj Finserv-EQ"","
"""Go Fashion (I)-EQ"","
"""Arihant Super.-EQ"","
"""Brigade Enterpr.-EQ"","
"""Tata Power Co.-EQ"","
"""Carborundum Uni.-EQ"","
"""Sunita Tools Ltd-EQ"","
"""Inox Wind-EQ"","
"""Jagatjit Inds.-EQ"","
"""Sarla Performanc-EQ"","
"""Entero Healthcar-EQ"","
"""NLC India-EQ"","
"""Apex Frozen Food-EQ"","
"""TruAlt Bioenergy-EQ"","
"""Jindal Saw-EQ"","
"""KNR Construct.-EQ"","
"""Prestige Estates-EQ"","
"""PG Electroplast-EQ"","
"""PB Fintech.-EQ"","
"""Shanti Educat.-EQ"","
"""HDFC Life Insur.-EQ"","
"""Eimco Elecon(I)-EQ"","
"""Shree Cement-EQ"","
"""Reliance Industries-EQ"","
"""Digitide Solutio-EQ"","
"""Amber Enterp.-EQ"","
"""SG Mart-EQ"","
"""Navneet Educat.-EQ"","
"""R C F-EQ"","
"""Onix Solar-EQ"","
"""Kokuyo Camlin-EQ"","
"""Divgi Torq-EQ"","
"""Finkurve Fin.-EQ"","
"""Cheviot Company-EQ"","
"""Repco Home Fin-EQ"","
"""ICICI Pru Life-EQ"","
"""Ritco Logistics-EQ"","
"""Ugro Capital-EQ"","
"""Greaves Cotton-EQ"","
"""UPL-EQ"","
"""SBI Cards-EQ"","
"""Ultramarine Pig.-EQ"","
"""Laxmi Goldorna-EQ"","
"""Pashupati Cotsp.-EQ"","
"""TVS Supply-EQ"","
"""Alicon Cast.-EQ"","
"""Syngene Intl.-EQ"","
"""Dynamatic Tech.-EQ"","
"""CreditAcc. Gram.-EQ"","
"""5paisa Capital-EQ"","
"""AAVAS Financiers-EQ"","
"""Updater Services-EQ"","
"""Adit.Birla Money-EQ"","
"""Welspun Special.-EQ"","
"""Sasken Technol.-EQ"","
"""Cyient DLM-EQ"","
"""Wonder Electric.-EQ"","
"""Gujarat Fluoroch-EQ"","
"""Sical Logistics-EQ"","
"""Veefin Solutions-EQ"","
"""Euro India Fresh-EQ"","
"""Ethos-EQ"","
"""Trident-EQ"","
"""Birla Corpn.-EQ"","
"""Media Matrix-EQ"","
"""JTEKT India-EQ"","
"""Hi-Tech Pipes-EQ"","
"""Munjal Auto Inds-EQ"","
"""Speciality Rest.-EQ"","
"""Chola Financial-EQ"","
"""Northern Arc-EQ"","
"""Jai Balaji Inds.-EQ"","
"""Virtuoso Optoel.-EQ"","
"""Lotus Chocolate-EQ"","
"""Cholaman.Inv.&Fn-EQ"","
"""Power Fin.Corpn.-EQ"","
"""REC Ltd-EQ"","
"""Jindal Steel-EQ"","
"""DCW-EQ"","
"""MSP Steel & Pow.-EQ"","
"""Ircon Intl.-EQ"","
"""Star Health Insu-EQ"","
"""GAIL (India)-EQ"","
"""Hitech Corp.-EQ"","
"""Shadowfax Technologies-EQ"","
"""Adani Energy Sol-EQ"","
"""Orissa Minerals-EQ"","
"""Avantel-EQ"","
"""PC Jeweller-EQ"","
"""JTL Industries-EQ"","
"""Prakash Industri-EQ"","
"""Rupa & Co-EQ"","
"""Shrem InvIT-EQ"","
"""Hubtown-EQ"","
"""Rane Holdings-EQ"","
"""Indian Hume Pipe-EQ"","
"""Krishna Institu.-EQ"","
"""IKIO Tech-EQ"","
"""M M Forgings-EQ"","
"""Indef Manufactur-EQ"","
"""Sundaram Finance-EQ"","
"""PNB Housing-EQ"","
"""Apeejay Surrend.-EQ"","
"""Steel Exchange-EQ"","
"""A.K.Capital Serv-EQ"","
"""Bannari Amm.Sug.-EQ"","
"""SG Finserve-EQ"","
"""Muthoot Microfin-EQ"","
"""Balrampur Chini-EQ"","
"""Landmark Cars-EQ"","
"""Tata Consumer-EQ"","
"""Synergy Green-EQ"","
"""Confidence Petro-EQ"","
"""Vasa Denticity-EQ"","
"""Faze Three-EQ"","
"""Jupiter Wagons-EQ"","
"""Can Fin Homes-EQ"","
"""B H E L-EQ"","
"""SpiceJet-EQ"","
"""Power Grid Corpn-EQ"","
"""Natl.Fertilizer-EQ"","
"""HDB FINANC SER-EQ"","
"""Fedbank Financi.-EQ"","
"""Voltas-EQ"","
"""Geojit Fin. Ser.-EQ"","
"""Rico Auto Inds-EQ"","
"""Ugar Sugar Works-EQ"","
"""Jubilant Pharmo-EQ"","
"""Birla Cable-EQ"","
"""Samhi Hotels-EQ"","
"""ACME Solar Hold.-EQ"","
"""Vardhman Textile-EQ"","
"""Bajaj Housing-EQ"","
"""Sar Televenture-EQ"","
"""Himatsing. Seide-EQ"","
"""M & M Fin. Serv.-EQ"","
"""Aditya Birla Cap-EQ"","
"""Leela Palaces Hotels-EQ"","
"""Panorama Studios-EQ"","
"""Indian Renewable-EQ"","
"""MMTC-EQ"","
"""Jindal Worldwide-EQ"","
"""IRM Energy-EQ"","
"""Altius Telecom-EQ"","
"""LIC Housing Fin.-EQ"","
"""Tata Capital-EQ"","
"""MIC Electronics-EQ"","
"""Exide Inds.-EQ"","
"""N R Agarwal Inds-EQ"","
"""Systematix Corp.-EQ"","
"""Andhra Sugars-EQ"","
"""PNC Infratech-EQ"","
"""Yasho Industries-EQ"","
"""PTC Industries-EQ"","
"""Inox Green-EQ"","
"""H U D C O-EQ"","
"""L&T Finance Ltd-EQ"","
"""Mahamaya Steel-EQ"","
"""Gokaldas Exports-EQ"","
"""Bharat Bijlee-EQ"","
"""HEG-EQ"","
"""Cohance Life-EQ"","
"""Canara HSBC-EQ"","
"""Leap India-EQ"","
"""NTPC-EQ"","
"""Transpek Inds.-EQ"","
"""Health.Global-EQ"","
"""Paushak-EQ"","
"""Smartworks Cowor-EQ"","
"""Century Enka-EQ"","
"""Rain Industries-EQ"","
"""Manappuram Fin.-EQ"","
"""Prime Securities-EQ"","
"""Genesys Intl.-EQ"","
"""Shiv Aum Steels-EQ"","
"""Indo Count Inds.-EQ"","
"""Dalmia Bharat-EQ"","
"""Jaykay Enter.-EQ"","
"""Godrej Industrie-EQ"","
"""JSW Energy-EQ"","
"""Vindhya Telelink-EQ"","
"""Electronics Mart-EQ"","
"""NACL Industries-EQ"","
"""Salasar Techno-EQ"","
"""Mahindra Holiday-EQ"","
"""Greenlam Industr-EQ"","
"""Tega Inds.-EQ"","
"""Lenskart Solut.-EQ"","
"""Bhartiya Intl.-EQ"","
"""Morepen Labs.-EQ"","
"""TTK Healthcare-EQ"","
"""Shriram Properti-EQ"","
"""Juniper Hotels-EQ"","
"""Emk.Global Fin.-EQ"","
"""Grasim Inds-EQ"","
"""Sreeleathers-EQ"","
"""Swelect Energy-EQ"","
"""Renaiss. Global-EQ"","
"""Amagi Media Labs-EQ"","
"""IndiGrid Trust-EQ"","
"""RIR Power Electr-EQ"","
"""Agarwal Indl.-EQ"","
"""Abans Financial-EQ"","
"""PSP Projects-EQ"","
"""Lux Industries-EQ"","
"""Wendt India-EQ"","
"""S A I L-EQ"","
"""PCBL Chemical-EQ"","
"""Magadh Sugar-EQ"","
"""Maan Aluminium-EQ"","
"""Ujjivan Small-EQ"","
"""PTL Enterprises-EQ"","
"""Eldeco Housing-EQ"","
"""Indl.& Prud.Inv.-EQ"","
"""GIC Housing Fin-EQ"","
"""BEML Ltd-EQ"","
"""AvenuesAI-EQ"","
"""Enkei Wheels-EQ"","
"""AU Small Finance-EQ"","
"""Sterlite Tech.-EQ"","
"""Mahindra Life.-EQ"","
"""Mindspace Busine-EQ"","
"""Godrej Propert.-EQ"","
"""Karur Vysya Bank-EQ"","
"""Dalmia BharatLtd-EQ"","
"""Aegis Vopak Term-EQ"","
"""Wockhardt-EQ"","
"""Sula Vineyards-EQ"","
"""Sunteck Realty-EQ"","
"""TVS Srichakra-EQ"","
"""Tirupati Forge-EQ"","
"""Virat Industries-EQ"","
"""Poonawalla Fin-EQ"","
"""Vakrangee-EQ"","
"""T N Merc. Bank-EQ"","
"""IRB Infra.Devl.-EQ"","
"""Jana Small Finan-EQ"","
"""Baazar Style-EQ"","
"""H T Media-EQ"","
"""Indo Farm Equip.-EQ"","
"""Archean Chemical-EQ"","
"""DCB Bank-EQ"","
"""Yuken India-EQ"","
"""Allied Digital-EQ"","
"""JK Paper-EQ"","
"""Adani Green-EQ"","
"""Mahindra Logis.-EQ"","
"""Anupam Rasayan-EQ"","
"""Asgard Alcobev-EQ"","
"""Centrum Capital-EQ"","
"""Suryoday Small-EQ"","
"""Precision Camshf-EQ"","
"""Guj.Nat.Resour.-EQ"","
"""Manali Petrochem-EQ"","
"""Yatra Online-EQ"","
"""Sterling Tools-EQ"","
"""NELCO-EQ"","
"""Orient Green-EQ"","
"""Capital Infra-EQ"","
"""ICICI Bank-EQ"","
"""G S F C-EQ"","
"""Tatva Chintan-EQ"","
"""Viceroy Hotels-EQ"","
"""Nitco-EQ"","
"""Hindware Home In-EQ"","
"""Nuvoco Vistas-EQ"","
"""Capital Small-EQ"","
"""Bluestone Jewel-EQ"","
"""CSB Bank-EQ"","
"""Visaka Industrie-EQ"","
"""Sandesh-EQ"","
"""Shoppers Stop-EQ"","
"""Uflex-EQ"","
"""Mardia Samyoung-EQ"","
"""HDFC Bank-EQ"","
"""Just Dial-EQ"","
"""Kirloskar Indus.-EQ"","
"""Gayatri Projects-EQ"","
"""Kotak Mah. Bank-EQ"","
"""JP Power Ven.-EQ"","
"""PVR Inox-EQ"","
"""IRB InvIT Fund-EQ"","
"""Axentra Corp-EQ"","
"""GRP-EQ"","
"""The Hi-Tech Gear-EQ"","
"""Sanathan Textile-EQ"","
"""Sobha-EQ"","
"""Aarti Industries-EQ"","
"""Avadh Sugar-EQ"","
"""Ruby Mills-EQ"","
"""Le Travenues-EQ"","
"""Western Carriers-EQ"","
"""Advent Hotels-EQ"","
"""GYFTR-EQ"","
"""Indus Inf. Trust-EQ"","
"""SPML Infra-EQ"","
"""Triven.Engg.Ind.-EQ"","
"""City Union Bank-EQ"","
"""Dhunseri Vent.-EQ"","
"""Shish Industries-EQ"","
"""Bodal Chemicals-EQ"","
"""Meghmani Organi.-EQ"","
"""Kopran-EQ"","
"""Nahar Indl. Ent.-EQ"","
"""Concord Enviro-EQ"","
"""Elpro Internatio-EQ"","
"""Godavari Bioref.-EQ"","
"""Canara Bank-EQ"","
"""RHI Magnesita-EQ"","
"""Z F Steering-EQ"","
"""Shalby-EQ"","
"""Primo Chemicals-EQ"","
"""Piramal Finance.-EQ"","
"""Neogen Chemicals-EQ"","
"""Equitas Sma. Fin-EQ"","
"""Cube Highways-EQ"","
"""Dhampur Sugar-EQ"","
"""Stanley Lifesty.-EQ"","
"""South Ind.Bank-EQ"","
"""Chemcon Special.-EQ"","
"""Spice LoungeFood-EQ"","
"""Bandhan Bank-EQ"","
"""Sh. Digvijay Cem-EQ"","
"""T N Newsprint-EQ"","
"""Federal Bank-EQ"","
"""Indiqube Spaces-EQ"","
"""Lokesh Mach.-EQ"","
"""Nxt-Infra Trust-EQ"","
"""Westlife Food-EQ"","
"""DLF-EQ"","
"""Indian Bank-EQ"","
"""GeeCee Vent.-EQ"","
"""Union Bank (I)-EQ"","
"""Indokem-EQ"","
"""Vardhman Hold.-EQ"","
"""Welspun Living-EQ"","
"""Axis Bank-EQ"","
"""Sigachi Indust.-EQ"","
"""PVP Ventures-EQ"","
"""RattanIndia Pow.-EQ"","
"""Valiant Organics-EQ"","
"""Softtech Enginee-EQ"","
"""Wonderla Holiday-EQ"","
"""West Coast Paper-EQ"","
"""Clean Max Enviro-EQ"","
"""PNB Gilts-EQ"","
"""The Ramco Cement-EQ"","
"""Punjab Natl.Bank-EQ"","
"""SBI-EQ"","
"""Praj Industries-EQ"","
"""Prince Pipes-EQ"","
"""Reliance Power-EQ"","
"""Sheela Foam-EQ"","
"""Prozone Realty-EQ"","
"""I O B-EQ"","
"""Alembic-EQ"","
"""Karnataka Bank-EQ"","
"""Excel Industries-EQ"","
"""Sahasra Electro.-EQ"","
"""Bank of Maha-EQ"","
"""IDFC First Bank-EQ"","
"""Yes Bank-EQ"","
"""Sai Parenteral's-EQ"","
"""Pun. & Sind Bank-EQ"","
"""Kanoria Chem.-EQ"","
"""Bank of India-EQ"","
"""IDBI Bank-EQ"","
"""Prism Johnson-EQ"","
"""Fusion Finance-EQ"","
"""Sukhjit Starch-EQ"","
"""Eureka Forbes-EQ"","
"""S H Kelkar & Co.-EQ"","
"""Gloster Ltd-EQ"","
"""J & K Bank-EQ"","
"""Nexus Select-EQ"","
"""Dhanlaxmi Bank-EQ"","
"""Adani Enterp.-EQ"","
"""RBL Bank-EQ"","
"""TVS Elec.-EQ"","
"""NHPC Ltd-EQ"","
"""GHCL Textiles-EQ"","
"""Sanstar-EQ"","
"""IndusInd Bank-EQ"","
"""Som Distilleries-EQ"","
"""Crest Ventures-EQ"","
"""Cons. Finvest-EQ"","
"""TCC Concept-EQ"","
"""ESAF Small Fin-EQ"","
"""Central Bank-EQ"","
"""I R F C-EQ"","
"""Bank of Baroda-EQ"","
"""RSWM Ltd-EQ"","
"""Ambuja Cements-EQ"","
"""Embassy Off.REIT-EQ"","
"""Ramkrishna Forg.-EQ"","
"""Seshasayee Paper-EQ"","
"""Sustainable Ener-EQ"","
"""Orient Bell-EQ"","
"""Den Networks-EQ"","
"""LMW-EQ"","
"""SJVN-EQ"","
"""Rama Steel Tubes-EQ"","
"""Niyogin Fintech-EQ"","
"""UCO Bank-EQ"","
"""Beekay Steel Ind-EQ"","
"""Guj Inds. Power-EQ"","
"""Sudarshan Chem.-EQ"","
"""Zuari Industries-EQ"","
"""Ganesha Ecosphe.-EQ"","
"""Energy InfrTrust-EQ"","
"""Jindal Poly Film-EQ"","
"""Brookfield India-EQ"","
"""Maple Inf. Trust-EQ"","
"""AYM Syntex-EQ"","
"""Jain Irrigation-EQ"","
"""Kuantum Papers-EQ"","
"""Interglobe Aviat-EQ"","
"""Bluspring Enter.-EQ"","
"""Knowledge Realty-EQ"","
"""Best Agrolife-EQ"","
"""VTM-EQ"","
"""NDR INVIT Trust-EQ"","
"""IFCI-EQ"","
"""SEPC-EQ"","
"""Delta Corp-EQ"","
"""Subam Papers-EQ"","
"""One 97-EQ"","
"""Electrost.Cast.-EQ"","
"""Dhampur Bio-EQ"","
"""Mac Charles(I)-EQ"","
"""F A C T-EQ"","
"""Sammaan Capital-EQ"","
"""IFGL Refractori.-EQ"","
"""Peninsula Land-EQ"","
"""Zydus Wellness-EQ"","
"""BF Investment-EQ"","
"""Solara Active-EQ"","
"""NIBE-EQ"","
"""Camlin Fine-EQ"","
"""Zim Laboratories-EQ"","
"""Devyani Intl.-EQ"","
"""Laxmi Organic-EQ"","
"""Ind-Swift Labs.-EQ"","
"""Om Infra-EQ"","
"""Hardwyn India-EQ"","
"""Vascon Engineers-EQ"","
"""Keystone Realtor-EQ"","
"""Bosch Home Comfort-EQ"","
"""Dwarikesh Sugar-EQ"","
"""Igarashi Motors-EQ"","
"""Graphite India-EQ"","
"""Ramco Inds.-EQ"","
"""Tarsons Products-EQ"","
"""Epack Durable-EQ"","
"""Munjal Showa-EQ"","
"""India Motor Part-EQ"","
"""Bhagiradha Chem.-EQ"","
"""Fino Payments-EQ"","
"""T.V. Today Netw.-EQ"","
"""Oriental Aromat.-EQ"","
"""Mukand-EQ"","
"""Sindhu Trade-EQ"","
"""National High-EQ"","
"""BN Agrochem-EQ"","
"""New India Assura-EQ"","
"""Dredging Corpn.-EQ"","
"""Popular Vehicles-EQ"","
"""Walchan. Inds.-EQ"","
"""Yamuna Syndicate-EQ"","
"""Pine Labs-EQ"","
"""Unichem Labs.-EQ"","
"""Sunflag Iron-EQ"","
"""Bharat Coking-EQ"","
"""Physicswallah-EQ"","
"""Sapphire Foods-EQ"","
"""Bengal & Assam-EQ"","
"""Satia Industries-EQ"","
"""NOCIL-EQ"","
"""Ujaas Energy-EQ"","
"""BF Utilities-EQ"","
"""Swan Corp-EQ"","
"""TransIndia Real-EQ"","
"""XPRO India-EQ"","
"""Snowman Logistic-EQ"","
"""Lloyds Enterpris-EQ"","
"""Biocon-EQ"","
"""Kinetic Engg.-EQ"","
"""DCM Shriram Intl-EQ"","
"""Asian Star Co.-EQ"","
"""NTPC Green Ene.-EQ"","
"""Asian Hotels (N)-EQ"","
"""Hikal-EQ"","
"""Raymond Lifestyl-EQ"","
"""India Power Corp-EQ"","
"""Info Edg.(India)-EQ"","
"""Gem Aromatics-EQ"","
"""Tata Chemicals-EQ"","
"""Capillary Tech.-EQ"","
"""Hind.Oil Explor.-EQ"","
"""Tsf Investments-EQ"","
"""GTPL Hathway-EQ"","
"""Fairchem Organic-EQ"","
"""Deccan Cements-EQ"","
"""Juniper Green-EQ"","
"""Anzen IYEP Trust-EQ"","
"""Dhunseri Invest.-EQ"","
"""Nahar Spinning-EQ"","
"""Azad India-EQ"","
"""Dishman Carbogen-EQ"","
"""Niva Bupa Health-EQ"","
"""Raymond-EQ"","
"""Asian Granito-EQ"","
"""Panchmahal Steel-EQ"","
"""Bajaj Hindusthan-EQ"","
"""I G Petrochems-EQ"","
"""Prataap Snacks-EQ"","
"""Religare Enterp.-EQ"","
"""Navkar Corporat.-EQ"","
"""NMDC Steel-EQ"","
"""Netwrk.18 Media-EQ"","
"""Rel. Indl. Infra-EQ"","
"""TIL-EQ"","
"""Bajaj Electrical-EQ"","
"""Max Financial-EQ"","
"""Delhivery-EQ"","
"""Ester Industries-EQ"","
"""Zee Entertainmen-EQ"","
"""Themis Medicare-EQ"","
"""Riddhi Siddhi Gl-EQ"","
"""Tata Motors PVeh-EQ"","
"""Orchid Pharma-EQ"","
"""Mercury EV-Tech-EQ"","
"""Hathway Cable-EQ"","
"""SignatureGlobal-EQ"","
"""Piramal Pharma-EQ"","
"""Saurashtra Cem.-EQ"","
"""Eternal-EQ"","
"""Simplex Infra-EQ"","
"""Avishkar Infra-EQ"","
"""TARC Ltd-EQ"","
"""Jyoti Structures-EQ"","
"""Blue Pearl Agri-EQ"","
"""NIIT-EQ"","
"""Roadstar Infra-EQ"","
"""Sar Auto Prod.-EQ"","
"""Windsor Machines-EQ"","
"""Oricon Enterpris-EQ"","
"""GFL-EQ"","
"""Allcargo Logist.-EQ"","
"""Oswal Agro Mills-EQ"","
"""Sagar Cements-EQ"","
"""Lakshmi Mills-EQ"","
"""Sundrop Brands-EQ"","
"""BIGBLOC Const.-EQ"","
"""Rajesh Exports-EQ"","
"""Imagica. Enter.-EQ"","
"""Jio Financial-EQ"","
"""Aurum Proptech-EQ"","
"""Rajapalayam Mill-EQ"","
"""Oswal Green Tech-EQ"","
"""Praveg-EQ"","
"""Kiran Vyapar-EQ"","
"""STEL Holdings-EQ"","
"""Tata Inv.Corpn.-EQ"","
"""Valor Estate-EQ"","
"""Chemfab Alka.-EQ"","
"""Aequs-EQ"","
"""Kitex Garments-EQ"","
"""Summit Securitie-EQ"","
"""United Foodbrands-EQ"","
"""Utkarsh Small F.-EQ"","
"""Texmaco Infrast.-EQ"","
"""ITI-EQ"","
"""Elcid Investment-EQ"","
"""Hinduja Global-EQ"","
"""Pilani Invest.-EQ"","
"""Gujarat Alkalies-EQ"","
"""Max Estates-EQ"","
"""KIOCL-EQ"","
"""Shipping Land-EQ"","
"""Urja Global-EQ"","
"""Coffee Day Enter-EQ"","
"""Bombay Dyeing-EQ"","
"""Kalpat.-EQ"","
"""India Cements-EQ"","
"""Apollo Pipes-EQ"","
"""S.A.L Steel-EQ"","
"""Mah. Scooters-EQ"","
"""Satani Bearings-EQ"","
"""Polyplex Corpn-EQ"","
"""VLS Finance-EQ"","
"""Indoco Remedies-EQ"","
"""DCX Systems-EQ"","
"""Capital India-EQ"","
"""Uniphos Enter.-EQ"","
"""JTL Defence-EQ"","
"""Easy Trip Plann.-EQ"","
"""STL Networks-EQ"","
"""Welspun Investme-EQ"","
"""Brainbees Solut.-EQ"","
"""OneSource Speci.-EQ"","
"""NBI Indl. Fin.-EQ"","
"""JSW Holdings-EQ"","
"""Belding India-EQ"","
"""Kalyani Invest.-EQ"","
"""Nalwa Sons Invst-EQ"","
"""Hind.Composites-EQ"","
"""GKW-EQ"","
"""Electrotherm(I)-EQ"","
"""Chemplast Sanmar-EQ"","
"""SJ Corp-EQ"","
"""Spel Semiconduct-EQ"","
"""Prabha Energy-EQ"","
"""Kabra Extrusion-EQ"","
"""Dhenu Buildcon-EQ"","
"""Andhra Paper-EQ"","
"""Pervasive Comm.-EQ"","
"""Grand Oak Canyon-EQ"","
"""Bagmane Prime REIT-EQ"","
"""Sayaji Hotels-EQ"","
"""Bharat Global-EQ"","
"""Health X Platform-EQ"","
"""Citius Transnet-EQ"","
"""Hexa Tradex-EQ"","
"""OnMobile Global-EQ"","
"""Keto Motors-EQ"","
"""Kolte Patil Dev.-EQ"","
"""Greenpanel Inds.-EQ"","
"""Restaurant Brand-EQ"","
"""Mrugesh Trading-EQ"","
"""E2E Networks-EQ"","
"""Hemisphere Prop-EQ"","
"""Jindal Photo-EQ"","
"""Heranba Inds-EQ"","
"""Kiri Industries-EQ"","
"""Vodafone Idea-EQ"","
"""Bharat Parenter.-EQ"","
"""C C C L-EQ"","
"""One Mobikwik-EQ"","
"""M T N L-EQ"","
"""Sutlej Textiles-EQ"","
"""Embassy Develop-EQ"","
"""Panacea Biotec-EQ"","
"""Midwest Energy-EQ"","
"""Indostar Capital-EQ"","
"""Shiprocket-EQ"","
"""Ideaforge Tech-EQ"","
"""Sh.Renuka Sugar-EQ"","
"""Thirumalai Chem.-EQ"","
"""Sundaram Clayton-EQ"","
"""63 Moons Tech.-EQ"","
"""Arvaya Healthcare-EQ"","
"""Aditya Bir. Fas.-EQ"","
"""Alok Industries-EQ"","
"""BirlaNu Ltd-EQ"","
"""A B Real Estate-EQ"","
"""Quick Heal Tech-EQ"","
"""Mcleod Russel-EQ"","
"""RattanIndia Ent-EQ"","
"""Astec Lifescienc-EQ"","
"""VISA Chrome-EQ"","
"""Spandana Sphoort-EQ"","
"""Allcargo Global-EQ"","
"""Andrew Yule & Co-EQ"","
"""Vishnu Prakash R-EQ"","
"""Swan Defence-EQ"","
"""Urban Company-EQ"","
"""Shalimar Paints-EQ"","
"""Zota Health Care-EQ"","
"""Everest Inds.-EQ"","
"""Universus Photo-EQ"","
"""Balaji Telefilms-EQ"","
"""Sadhana Nitro-EQ"","
"""RRP Defense-EQ"","
"""Dec.Gold Mines-EQ"","
"""Artson-EQ"","
"""Tejas Networks-EQ"","
"""Exicom Tele-Sys.-EQ"","
"""MV Electrosystems-EQ"","
"""Quadrant Future-EQ"","
"""Onida Electronics-EQ"","
"""Ola Electric-EQ"","
"""Ather Energy-EQ"","
"""Max India Ltd-EQ"","
"""Swiggy-EQ"","
"""Innovassynth Technologies-EQ"","
"""BGR Energy Sys.-EQ"","
"""V I P Inds.-EQ"","
"""Kothari Indl-EQ"","
"""Jaybharat Text-EQ"","
"""Birla Cotsyn-EQ"","
"""RRPSemiconductor-EQ"","
"""Meesho-EQ"","
"""Turtlemint Fintech-EQ"","
"""Neueon Corporation-EQ"","
"""NDTV-EQ"","
"""Suven Life Scie.-EQ"","
"""Prabhatam Infra Venture Venture-EQ"","
"""Omaxe-EQ"","
"""BEML Land Assets-EQ"","
"""Citurgia Biochem-EQ"","
"""GTL Infra.-EQ"","
"""Dish TV India-EQ"","
"""HMT-EQ"","
"""IDream Film-EQ"","
"""S T C-EQ"","
"""Supreme Infra.-EQ"","
"""Unitech-EQ"","
"""KS Smart Technlogies-EQ"","
"""Elitecon Inter.-EQ"","
"""GHV Infra-EQ"","
"""Divine Power-EQ"","
"""TVS Infra. Trust-EQ"","
"""Orient Tech.-EQ"","
"""Karnika Industri-EQ"","
"""Kwality Wall's-EQ"","
"""RaajMarg Infra-EQ"","
"""Hypersoft Tech.-EQ"","
"""John Cockerill-EQ"","
"""Shah Foods-EQ"","
"""Vedanta Iron & Steel-EQ"","
"""Vedanta Oil and Gas-EQ"","
"""Vedanta Power-EQ"","
"""Vedanta Aluminium Metal-EQ"","
"""Tandhan Industries-EQ"","
